<beans xmlns="http://www.springframework.org/schema/beans"
	xmlns:xsi="http://www.w3.org/2001/XMLSchema-instance" xmlns:context="http://www.springframework.org/schema/context"
	xsi:schemaLocation="http://www.springframework.org/schema/beans
     http://www.springframework.org/schema/beans/spring-beans-4.0.xsd
     http://www.springframework.org/schema/context
     http://www.springframework.org/schema/context/spring-context-4.0.xsd">
     
     <bean id="emp" class="com.cg.dto.Employee">
	     <property name="empId" value="12345"></property>
	     <property name="empName" value="Harriet"></property>
	     <property name="salary" value="40000.0"></property>
	     <property name="empBu" value="PES-BU"></property>
	     <property name="empAge" value="30"></property>
      </bean>
 </beans>