<beans xmlns="http://www.springframework.org/schema/beans"
	xmlns:xsi="http://www.w3.org/2001/XMLSchema-instance" xmlns:context="http://www.springframework.org/schema/context"
	xsi:schemaLocation="http://www.springframework.org/schema/beans
     http://www.springframework.org/schema/beans/spring-beans-4.0.xsd
     http://www.springframework.org/schema/context
     http://www.springframework.org/schema/context/spring-context-4.0.xsd">
	<bean id="emp" class="com.cg.dto.Employee">
	<property name="employeeId" value="142831"></property>
	<property name="employeeName" value="Shweta Wadhwani"></property>
	<property name="salary" value="15000.0"></property>
	<property name="businessUnit" value="PES-BU"></property>
	<property name="age" value="22"></property>
	
	</bean>
</beans>